{
  "frontend/postcss.config.mjs": 1776440288.3153965,
  "frontend/next.config.mjs": 1776426191.6890745,
  "frontend/next-env.d.ts": 1776425042.5693212,
  "frontend/tailwind.config.ts": 1776425042.5713546,
  "frontend/src/middleware.ts": 1776425297.3775725,
  "frontend/src/app/layout.tsx": 1776425357.949486,
  "frontend/src/app/page.tsx": 1776425359.9763293,
  "frontend/src/app/auth/register/page.tsx": 1776425398.122491,
  "frontend/src/app/auth/login/page.tsx": 1776425396.1095603,
  "frontend/src/app/dashboard/layout.tsx": 1776425454.2210095,
  "frontend/src/app/dashboard/page.tsx": 1776425456.2334924,
  "frontend/src/app/dashboard/portfolio/page.tsx": 1776425675.4060843,
  "frontend/src/app/dashboard/upload/page.tsx": 1776425493.5248308,
  "frontend/src/app/api/python/[...path]/route.ts": 1776425331.391731,
  "frontend/src/app/api/auth/register/route.ts": 1776425414.45539,
  "frontend/src/app/api/auth/[...nextauth]/route.ts": 1776425329.3750796,
  "frontend/src/components/ConfirmDialog.tsx": 1776425609.4260645,
  "frontend/src/components/Navbar.tsx": 1776425433.2601876,
  "frontend/src/components/AddTransactionModal.tsx": 1776425584.0558984,
  "frontend/src/components/TransactionTable.tsx": 1776425550.0139346,
  "frontend/src/components/UploadZone.tsx": 1776425503.7720463,
  "frontend/src/components/SIPHeatmap.tsx": 1776440288.316323,
  "frontend/src/components/ParseSummary.tsx": 1776425505.7955217,
  "frontend/src/components/Providers.tsx": 1776425435.2714198,
  "frontend/src/lib/supabase-browser.ts": 1776425287.7233815,
  "frontend/src/lib/supabase.ts": 1776425285.7156065,
  "frontend/src/lib/auth.ts": 1776425283.6555986,
  "backend/app/config.py": 1776424769.4927917,
  "backend/app/models.py": 1776424785.1622908,
  "backend/app/database.py": 1776440288.3130193,
  "backend/app/__init__.py": 1776424722.4479342,
  "backend/app/schemas.py": 1776424785.970852,
  "backend/app/main.py": 1776424959.6589677,
  "backend/app/routers/upload.py": 1776424952.9604845,
  "backend/app/routers/__init__.py": 1776424724.4770603,
  "backend/app/routers/portfolio.py": 1776424957.6497107,
  "backend/parser/cam_cas_parser.py": 1776424894.6332133,
  "backend/parser/__init__.py": 1776424726.5012312,
  "backend/matcher/__init__.py": 1776424728.5267923,
  "backend/matcher/fund_matcher.py": 1776424811.589843,
  "backend/services/encryption.py": 1776424810.775401,
  "backend/services/__init__.py": 1776424730.5556529,
  "frontend/README.md": 1776425042.5691762,
  "backend/requirements.txt": 1776440288.3135433
}